"","cluster","pval","rho","sum","fdr"
"1","k__Bacteria_ p__Firmicutes",8.2129110711168e-05,-0.450082261258514,521,0.000328516442844672
"2","k__Bacteria_ p__Proteobacteria",0.000321659781164845,0.414862722294047,34549,0.000643319562329689
"3","k__Bacteria_ p__Bacteroidetes",0.0672185500358532,-0.218452006614109,383,0.0896247333811376
"4","k__Bacteria_ p__Actinobacteria",0.468436632666518,-0.0874315817070569,28,0.468436632666518
