"","cluster","pval","rho","sum","fdr","test","taxonomy"
"1","k__Bacteria_ p__Proteobacteria",0.000984564557687767,0.554727907723935,3131,0.0147684683653165,"wolb","phylum"
"2","k__Bacteria_ p__Bacteroidetes",0.00359283801206273,-0.499686053016902,225,0.0184532957713896,"wolb","phylum"
"3","k__Bacteria_ p__Actinobacteria",0.00369065915427791,-0.498441235218448,95,0.0184532957713896,"wolb","phylum"
